"Id";"Designator";"Footprint";"Quantity";"Designation";"Supplier and ref";
1;"J6";"PinSocket_1x07_P2.54mm_Horizontal";1;"Conn_01x07";;;
2;"J1";"IDC-Header_2x05_P2.54mm_Horizontal";1;"AVR-JTAG-10";;;
3;"J3";"IDC-Header_2x13_P2.54mm_Vertical";1;"Conn_02x13_Odd_Even";;;
4;"SW1";"SW_Push_1P2T_Vertical_E-Switch_800UDP8P1A1M6";1;"SW_SPDT";;;
5;"U1";"DIP-40_W15.24mm_LongPads";1;"ATmega32-16P";;;
6;"C5,C4";"CP_Radial_D8.0mm_P5.00mm";2;"100u";;;
7;"R3";"R_Axial_DIN0207_L6.3mm_D2.5mm_P10.16mm_Horizontal";1;"100K";;;
8;"J4";"DIN41612_C_2x32_Male_Horizontal_THT_USR";1;"DIN41612_02x32_AC";;;
9;"R1";"R_Axial_DIN0207_L6.3mm_D2.5mm_P10.16mm_Horizontal";1;"330";;;
10;"D1";"LED_D5.0mm";1;"LED";;;
11;"L1";"L_Axial_L14.0mm_D4.5mm_P15.24mm_Horizontal_Fastron_LACC";1;"100u";;;
12;"D2";"D_DO-34_SOD68_P10.16mm_Horizontal";1;"BAT48";;;
13;"J5";"PinHeader_2x32_P2.54mm_Vertical";1;"Conn_02x32_Odd_Even";;;
14;"Q1";"Resonator-2Pin_W8.0mm_H3.5mm";1;"16MHz";;;
15;"J2";"IDC-Header_2x03_P2.54mm_Horizontal";1;"AVR-ISP-6";;;
16;"R2";"R_Axial_DIN0207_L6.3mm_D2.5mm_P10.16mm_Horizontal";1;"10K";;;
17;"U2";"DIP-20_W7.62mm_LongPads";1;"74LS244";;;
18;"C3,C2";"C_1206_3216Metric";2;"22p";;;
19;"C6,C7,C1";"C_1206_3216Metric";3;"100n";;;
